cover file;cover sha1;stego file;stego sha1;stego tool;stego embed;stego key;embed hash;embed hash out;stego file content;extracted data;stegdetect;stegbreak;stegoveritas/diff red_plane;stegoveritas/diff green_plane;stegoveritas/diff blue_plane;stegoveritas/diff Edge-enhance;stegoveritas/diff Edge-enhance_More;stegoveritas/diff Find_Edges;stegoveritas/diff GaussianBlur;stegoveritas/diff inverted;stegoveritas/diff Max;stegoveritas/diff Median;stegoveritas/diff Min;stegoveritas/diff Mode;stegoveritas/diff Sharpen;stegoveritas/diff Smooth;file/data type;exiftool/file size;exiftool/camera;exiftool/mime type;exiftool/jfif version;exiftool/encoding;exiftool/color components;exiftool/resolution;exiftool/megapixels;binwalk/data type;binwalk/jfif version;strings/header;foremost/extracted data length;foremost/extracted data hash;imagemagick/diff image;imagemagick/format;imagemagick/min;imagemagick/max;imagemagick/mean;imagemagick/standard deviation;imagemagick/kurtosis;imagemagick/skewness;imagemagick/entropy
/data/coverData/_alaska2-70636.jpg;8400f6649ce9a12af354395e368a4d178e06b77f;/data/out-stego-attrib/_alaska2-70636/original.jpg;8400f6649ce9a12af354395e368a4d178e06b77f;-;-;-;-;-;ok;ok;negative;-;255 (1);255 (1);255 (1);255 (1);255 (1);255 (1);255 (1);255 (1);255 (1);255 (1);255 (1);255 (1);255 (1);255 (1);JPEG image data;165 kB;;image/jpeg;1.01;Baseline DCT/ Huffman coding;3;512x512;0.262;JPEG image data;JFIF standard 1.01;JFIF $3br %&'()*456789:CDEFGHIJSTUVWXYZcdefghijstuvwxyz  #3R &'()*56789:CDEFGHIJSTUVWXYZcdefghijstuvwxyz dQmJ XZhz O6^2 W wg ;164 KB (168506 bytes);8400f6649ce9a12af354395e368a4d178e06b77f;255 (1);JPEG (Joint Photographic Experts Group JFIF format);0 (0);255 (1);108.014 (0.423583);43.2202 (0.169491);-0.797742;0.157936;0.923459
/data/coverData/_alaska2-70636.jpg;8400f6649ce9a12af354395e368a4d178e06b77f;/data/out-stego-attrib/_alaska2-70636/jsteg/shortEbd-noKey.jpg;0443c4f7508b9ee4a118006672bf9e55fa549dc9;jsteg;shortEbd;noKey;7648cf24a314672c5e708249f170706324d060e7;7648cf24a314672c5e708249f170706324d060e7;ok;ok;negative;stegbreak-fix: break_jsteg_prepare: bad size in bits 86176 Processed 0 files found 0 embeddings. Time: 0 seconds: Cracks: 0 -nan c/s;13.5951 (0.0533142);15.6165 (0.0612411);12.7547 (0.0500183);35.1609 (0.137886);89.165 (0.349667);106.205 (0.416489);10.4823 (0.0411072);1.23928 (0.00485992);1.04862 (0.00411224);1.27041 (0.00498199);0.960102 (0.00376511);0.951347 (0.00373077);0.405636 (0.00159073);1.37352 (0.00538635);JPEG image data;77 kB;;image/jpeg;;Baseline DCT/ Huffman coding;3;512x512;0.262;;; $.' " # (7) 01444 '9=82<.342 !22222222222222222222222222222222222222222222222222 $3br %&'()*456789:CDEFGHIJSTUVWXYZcdefghijstuvwxyz  #3R &'()*56789:CDEFGHIJSTUVWXYZcdefghijstuvwxyz mZXg ;76 KB (78706 bytes);-;1.73745 (0.00681354);JPEG (Joint Photographic Experts Group JFIF format);0 (0);255 (1);108.096 (0.423906);42.8442 (0.168016);-0.772048;0.137532;0.9224
/data/coverData/_alaska2-70636.jpg;8400f6649ce9a12af354395e368a4d178e06b77f;/data/out-stego-attrib/_alaska2-70636/jsteg/middleEbd-noKey.jpg;84f2c5495890e0f2197715a50ce48481a750bd18;jsteg;middleEbd;noKey;787820e2c9c728e307b925648eacd22d85acdc36;787820e2c9c728e307b925648eacd22d85acdc36;ok;ok;negative;stegbreak-fix: break_jsteg_prepare: bad size in bits 86176 Processed 0 files found 0 embeddings. Time: 0 seconds: Cracks: 0 -nan c/s;13.3344 (0.0522919);14.9959 (0.0588074);12.4006 (0.0486298);35.3137 (0.138485);89.0862 (0.349358);106.104 (0.416096);9.65647 (0.0378685);1.2208 (0.00478745);0.998039 (0.00391388);1.25095 (0.0049057);0.947456 (0.00371552);0.927029 (0.00363541);0.416336 (0.00163269);1.29862 (0.00509262);JPEG image data;77 kB;;image/jpeg;;Baseline DCT/ Huffman coding;3;512x512;0.262;;; $.' " # (7) 01444 '9=82<.342 !22222222222222222222222222222222222222222222222222 $3br %&'()*456789:CDEFGHIJSTUVWXYZcdefghijstuvwxyz  #3R &'()*56789:CDEFGHIJSTUVWXYZcdefghijstuvwxyz mZXg ;76 KB (78715 bytes);-;1.71967 (0.00674382);JPEG (Joint Photographic Experts Group JFIF format);0 (0);255 (1);108.096 (0.423905);42.915 (0.168294);-0.770947;0.137243;0.922984
/data/coverData/_alaska2-70636.jpg;8400f6649ce9a12af354395e368a4d178e06b77f;/data/out-stego-attrib/_alaska2-70636/jsteg/longEbd-noKey.jpg;5a68efe0cd2f8c8b86aab66e2ffc3c12a3bf6197;jsteg;longEbd;noKey;ce3a186609bceb6c79a9184dcdcc3e7851fdebde;da39a3ee5e6b4b0d3255bfef95601890afd80709;ok;empty;negative;Premature end of JPEG file stegbreak-fix: break_jsteg_prepare: bad size in bits 85233 Processed 0 files found 0 embeddings. Time: 0 seconds: Cracks: 0 -nan c/s;-;-;-;-;-;-;-;-;-;-;-;-;-;-;JPEG image data;76 kB;;image/jpeg;;Baseline DCT/ Huffman coding;3;512x512;0.262;;; $.' " # (7) 01444 '9=82<.342 !22222222222222222222222222222222222222222222222222 $3br %&'()*456789:CDEFGHIJSTUVWXYZcdefghijstuvwxyz  #3R &'()*56789:CDEFGHIJSTUVWXYZcdefghijstuvwxyz mZXg ;76 KB (77824 bytes);-;1.69498 (0.00664697);JPEG (Joint Photographic Experts Group JFIF format);0 (0);255 (1);108.299 (0.424703);43.2361 (0.169553);-0.743346;0.134599;0.92431
/data/coverData/_alaska2-70636.jpg;8400f6649ce9a12af354395e368a4d178e06b77f;/data/out-stego-attrib/_alaska2-70636/jsteg/lowEntropyEbd-noKey.jpg;baa102ce0fc412a5a5ac0f42c5e64207cc350669;jsteg;lowEntropyEbd;noKey;6b07672d0c71136de528fb719c6768784ebe5879;da39a3ee5e6b4b0d3255bfef95601890afd80709;ok;empty;negative;Premature end of JPEG file stegbreak-fix: break_jsteg_prepare: bad size in bits 85179 Processed 0 files found 0 embeddings. Time: 0 seconds: Cracks: 0 -nan c/s;-;-;-;-;-;-;-;-;-;-;-;-;-;-;JPEG image data;76 kB;;image/jpeg;;Baseline DCT/ Huffman coding;3;512x512;0.262;;; $.' " # (7) 01444 '9=82<.342 !22222222222222222222222222222222222222222222222222 $3br %&'()*456789:CDEFGHIJSTUVWXYZcdefghijstuvwxyz  #3R &'()*56789:CDEFGHIJSTUVWXYZcdefghijstuvwxyz mZXg ;76 KB (77824 bytes);-;1.70755 (0.00669629);JPEG (Joint Photographic Experts Group JFIF format);0 (0);255 (1);108.295 (0.424687);42.6368 (0.167203);-0.75769;0.125344;0.922528
/data/coverData/_alaska2-70636.jpg;8400f6649ce9a12af354395e368a4d178e06b77f;/data/out-stego-attrib/_alaska2-70636/jsteg/binaryEbd-noKey.jpg;0a9f5550c7449d5d3da9084884c9de5b5f66da8e;jsteg;binaryEbd;noKey;21ed4cf4f811051407d1db438a3501932801d069;da39a3ee5e6b4b0d3255bfef95601890afd80709;ok;empty;negative;Premature end of JPEG file stegbreak-fix: break_jsteg_prepare: bad size in bits 85338 Processed 0 files found 0 embeddings. Time: 0 seconds: Cracks: 0 -nan c/s;-;-;-;-;-;-;-;-;-;-;-;-;-;-;JPEG image data;76 kB;;image/jpeg;;Baseline DCT/ Huffman coding;3;512x512;0.262;;; $.' " # (7) 01444 '9=82<.342 !22222222222222222222222222222222222222222222222222 $3br %&'()*456789:CDEFGHIJSTUVWXYZcdefghijstuvwxyz  #3R &'()*56789:CDEFGHIJSTUVWXYZcdefghijstuvwxyz mZXg ;76 KB (77824 bytes);-;1.72424 (0.00676171);JPEG (Joint Photographic Experts Group JFIF format);0 (0);255 (1);108.275 (0.424607);42.1025 (0.165108);-0.767225;0.119232;0.922214
/data/coverData/_alaska2-70636.jpg;8400f6649ce9a12af354395e368a4d178e06b77f;/data/out-stego-attrib/_alaska2-70636/outguess/shortEbd-noKey.jpg;2ae436802a19c0833fa4f28d4a9664b7ebc47696;outguess;shortEbd;noKey;7648cf24a314672c5e708249f170706324d060e7;7648cf24a314672c5e708249f170706324d060e7;ok;ok;negative;Loaded 1 files...;13.5805 (0.053257);15.4336 (0.060524);12.6681 (0.0496788);35.1619 (0.13789);89.1018 (0.349419);106.158 (0.416306);10.9804 (0.0430603);1.23928 (0.00485992);0.996094 (0.00390625);1.34434 (0.00527191);0.947456 (0.00371552);0.942593 (0.00369644);0.413418 (0.00162125);1.49609 (0.005867);JPEG image data;77 kB;;image/jpeg;1.01;Baseline DCT/ Huffman coding;3;512x512;0.262;JPEG image data;JFIF standard 1.01;JFIF  $.' " # (7) 01444 '9=82<.342 !22222222222222222222222222222222222222222222222222 $3br %&'()*456789:CDEFGHIJSTUVWXYZcdefghijstuvwxyz  #3R &'()*56789:CDEFGHIJSTUVWXYZcdefghijstuvwxyz ;76 KB (78748 bytes);2ae436802a19c0833fa4f28d4a9664b7ebc47696;1.74234 (0.00683271);JPEG (Joint Photographic Experts Group JFIF format);0 (0);255 (1);107.997 (0.423517);42.8406 (0.168002);-0.767856;0.137043;0.922427
/data/coverData/_alaska2-70636.jpg;8400f6649ce9a12af354395e368a4d178e06b77f;/data/out-stego-attrib/_alaska2-70636/outguess/middleEbd-noKey.jpg;70611143b73cfc7e3c48d0cba009867fed46d916;outguess;middleEbd;noKey;787820e2c9c728e307b925648eacd22d85acdc36;787820e2c9c728e307b925648eacd22d85acdc36;ok;ok;negative;Loaded 1 files...;13.1292 (0.051487);14.7527 (0.0578537);12.2907 (0.0481987);35.1327 (0.137775);88.4831 (0.346992);105.494 (0.413704);8.45512 (0.0331573);1.17119 (0.0045929);0.903683 (0.00354385);1.18578 (0.00465012);0.904655 (0.00354767);0.897846 (0.00352097);0.404663 (0.00158691);1.25193 (0.00490952);JPEG image data;77 kB;;image/jpeg;1.01;Baseline DCT/ Huffman coding;3;512x512;0.262;JPEG image data;JFIF standard 1.01;JFIF  $.' " # (7) 01444 '9=82<.342 !22222222222222222222222222222222222222222222222222 $3br %&'()*456789:CDEFGHIJSTUVWXYZcdefghijstuvwxyz  #3R &'()*56789:CDEFGHIJSTUVWXYZcdefghijstuvwxyz ;77 KB (78943 bytes);70611143b73cfc7e3c48d0cba009867fed46d916;1.60542 (0.00629576);JPEG (Joint Photographic Experts Group JFIF format);0 (0);255 (1);108.003 (0.423543);42.9514 (0.168437);-0.759852;0.136568;0.923853
/data/coverData/_alaska2-70636.jpg;8400f6649ce9a12af354395e368a4d178e06b77f;/data/out-stego-attrib/_alaska2-70636/outguess/longEbd-noKey.jpg;da39a3ee5e6b4b0d3255bfef95601890afd80709;outguess;longEbd;noKey;ce3a186609bceb6c79a9184dcdcc3e7851fdebde;da39a3ee5e6b4b0d3255bfef95601890afd80709;empty;-;-;-;-;-;-;-;-;-;-;-;-;-;-;-;-;-;-;-;-;-;-;-;-;-;-;-;-;-;-;-;-;-;-;-;-;-;-;-;-
/data/coverData/_alaska2-70636.jpg;8400f6649ce9a12af354395e368a4d178e06b77f;/data/out-stego-attrib/_alaska2-70636/outguess/lowEntropyEbd-noKey.jpg;da39a3ee5e6b4b0d3255bfef95601890afd80709;outguess;lowEntropyEbd;noKey;6b07672d0c71136de528fb719c6768784ebe5879;da39a3ee5e6b4b0d3255bfef95601890afd80709;empty;-;-;-;-;-;-;-;-;-;-;-;-;-;-;-;-;-;-;-;-;-;-;-;-;-;-;-;-;-;-;-;-;-;-;-;-;-;-;-;-
/data/coverData/_alaska2-70636.jpg;8400f6649ce9a12af354395e368a4d178e06b77f;/data/out-stego-attrib/_alaska2-70636/outguess/binaryEbd-noKey.jpg;da39a3ee5e6b4b0d3255bfef95601890afd80709;outguess;binaryEbd;noKey;21ed4cf4f811051407d1db438a3501932801d069;da39a3ee5e6b4b0d3255bfef95601890afd80709;empty;-;-;-;-;-;-;-;-;-;-;-;-;-;-;-;-;-;-;-;-;-;-;-;-;-;-;-;-;-;-;-;-;-;-;-;-;-;-;-;-
/data/coverData/_alaska2-70636.jpg;8400f6649ce9a12af354395e368a4d178e06b77f;/data/out-stego-attrib/_alaska2-70636/outguess/shortEbd-shortKey.jpg;0c84fe42ea9f32c37fedcf14ca2c911ba96ce5e0;outguess;shortEbd;shortKey;7648cf24a314672c5e708249f170706324d060e7;7648cf24a314672c5e708249f170706324d060e7;ok;ok;negative;;13.5698 (0.053215);15.4083 (0.0604248);12.7342 (0.0499382);35.1502 (0.137844);89.1446 (0.349586);106.154 (0.41629);10.9473 (0.0429306);1.20621 (0.00473022);0.999012 (0.00391769);1.29765 (0.00508881);0.925083 (0.00362778);0.906601 (0.0035553);0.406609 (0.00159454);1.48733 (0.00583267);JPEG image data;77 kB;;image/jpeg;1.01;Baseline DCT/ Huffman coding;3;512x512;0.262;JPEG image data;JFIF standard 1.01;JFIF  $.' " # (7) 01444 '9=82<.342 !22222222222222222222222222222222222222222222222222 $3br %&'()*456789:CDEFGHIJSTUVWXYZcdefghijstuvwxyz  #3R &'()*56789:CDEFGHIJSTUVWXYZcdefghijstuvwxyz ;76 KB (78740 bytes);0c84fe42ea9f32c37fedcf14ca2c911ba96ce5e0;1.71226 (0.00671473);JPEG (Joint Photographic Experts Group JFIF format);0 (0);255 (1);107.999 (0.423526);42.8391 (0.167996);-0.768259;0.136955;0.922629
/data/coverData/_alaska2-70636.jpg;8400f6649ce9a12af354395e368a4d178e06b77f;/data/out-stego-attrib/_alaska2-70636/outguess/middleEbd-shortKey.jpg;e287a406c41a74a84bb24dcc3b80247952b0be7f;outguess;middleEbd;shortKey;787820e2c9c728e307b925648eacd22d85acdc36;787820e2c9c728e307b925648eacd22d85acdc36;ok;ok;negative;Loaded 1 files... /data/out-stego-attrib/_alaska2-70636/outguess/middleEbd-shortKey.jpg : negative Processed 1 files found 0 embeddings. Time: 0 seconds: Cracks: 56 inf c/s;13.1243 (0.0514679);14.8052 (0.0580597);12.1496 (0.0476456);34.9606 (0.1371);88.4597 (0.346901);105.467 (0.413597);8.60006 (0.0337257);1.07002 (0.00419617);0.831699 (0.00326157);1.1566 (0.00453568);0.900764 (0.00353241);0.816135 (0.00320053);0.400772 (0.00157166);1.22955 (0.00482178);JPEG image data;77 kB;;image/jpeg;1.01;Baseline DCT/ Huffman coding;3;512x512;0.262;JPEG image data;JFIF standard 1.01;JFIF  $.' " # (7) 01444 '9=82<.342 !22222222222222222222222222222222222222222222222222 $3br %&'()*456789:CDEFGHIJSTUVWXYZcdefghijstuvwxyz  #3R &'()*56789:CDEFGHIJSTUVWXYZcdefghijstuvwxyz ;77 KB (78952 bytes);e287a406c41a74a84bb24dcc3b80247952b0be7f;1.5239 (0.00597607);JPEG (Joint Photographic Experts Group JFIF format);0 (0);255 (1);107.999 (0.423524);42.9573 (0.16846);-0.760753;0.136358;0.924756
/data/coverData/_alaska2-70636.jpg;8400f6649ce9a12af354395e368a4d178e06b77f;/data/out-stego-attrib/_alaska2-70636/outguess/longEbd-shortKey.jpg;da39a3ee5e6b4b0d3255bfef95601890afd80709;outguess;longEbd;shortKey;ce3a186609bceb6c79a9184dcdcc3e7851fdebde;da39a3ee5e6b4b0d3255bfef95601890afd80709;empty;-;-;-;-;-;-;-;-;-;-;-;-;-;-;-;-;-;-;-;-;-;-;-;-;-;-;-;-;-;-;-;-;-;-;-;-;-;-;-;-
/data/coverData/_alaska2-70636.jpg;8400f6649ce9a12af354395e368a4d178e06b77f;/data/out-stego-attrib/_alaska2-70636/outguess/lowEntropyEbd-shortKey.jpg;da39a3ee5e6b4b0d3255bfef95601890afd80709;outguess;lowEntropyEbd;shortKey;6b07672d0c71136de528fb719c6768784ebe5879;da39a3ee5e6b4b0d3255bfef95601890afd80709;empty;-;-;-;-;-;-;-;-;-;-;-;-;-;-;-;-;-;-;-;-;-;-;-;-;-;-;-;-;-;-;-;-;-;-;-;-;-;-;-;-
/data/coverData/_alaska2-70636.jpg;8400f6649ce9a12af354395e368a4d178e06b77f;/data/out-stego-attrib/_alaska2-70636/outguess/binaryEbd-shortKey.jpg;da39a3ee5e6b4b0d3255bfef95601890afd80709;outguess;binaryEbd;shortKey;21ed4cf4f811051407d1db438a3501932801d069;da39a3ee5e6b4b0d3255bfef95601890afd80709;empty;-;-;-;-;-;-;-;-;-;-;-;-;-;-;-;-;-;-;-;-;-;-;-;-;-;-;-;-;-;-;-;-;-;-;-;-;-;-;-;-
/data/coverData/_alaska2-70636.jpg;8400f6649ce9a12af354395e368a4d178e06b77f;/data/out-stego-attrib/_alaska2-70636/outguess/shortEbd-longKey.jpg;c6fec93dfb32e86e82dcf42aee4eb5995f6e94e3;outguess;shortEbd;longKey;7648cf24a314672c5e708249f170706324d060e7;7648cf24a314672c5e708249f170706324d060e7;ok;ok;negative;Loaded 1 files... /data/out-stego-attrib/_alaska2-70636/outguess/shortEbd-longKey.jpg : negative Processed 1 files found 0 embeddings. Time: 0 seconds: Cracks: 56 inf c/s;13.5718 (0.0532227);15.3733 (0.0602875);12.6642 (0.0496635);35.1415 (0.13781);89.1436 (0.349583);106.161 (0.416317);11.0251 (0.0432358);1.22177 (0.00479126);0.982475 (0.00385284);1.31418 (0.00515366);0.936756 (0.00367355);0.940647 (0.00368881);0.407581 (0.00159836);1.46496 (0.00574493);JPEG image data;77 kB;;image/jpeg;1.01;Baseline DCT/ Huffman coding;3;512x512;0.262;JPEG image data;JFIF standard 1.01;JFIF  $.' " # (7) 01444 '9=82<.342 !22222222222222222222222222222222222222222222222222 $3br %&'()*456789:CDEFGHIJSTUVWXYZcdefghijstuvwxyz  #3R &'()*56789:CDEFGHIJSTUVWXYZcdefghijstuvwxyz ;76 KB (78784 bytes);c6fec93dfb32e86e82dcf42aee4eb5995f6e94e3;1.73166 (0.00679082);JPEG (Joint Photographic Experts Group JFIF format);0 (0);255 (1);107.998 (0.423522);42.8373 (0.167989);-0.767905;0.13702;0.92306
/data/coverData/_alaska2-70636.jpg;8400f6649ce9a12af354395e368a4d178e06b77f;/data/out-stego-attrib/_alaska2-70636/outguess/middleEbd-longKey.jpg;800bf7d928fdf81a9154bebb1e36897f7060bc30;outguess;middleEbd;longKey;787820e2c9c728e307b925648eacd22d85acdc36;787820e2c9c728e307b925648eacd22d85acdc36;ok;ok;negative;;13.0397 (0.051136);14.886 (0.0583763);12.2265 (0.0479469);34.8857 (0.136806);88.4704 (0.346943);105.443 (0.413502);8.63605 (0.0338669);1.08364 (0.00424957);0.8638 (0.00338745);1.12936 (0.00442886);0.807381 (0.0031662);0.840454 (0.0032959);0.400772 (0.00157166);1.19162 (0.004673);JPEG image data;77 kB;;image/jpeg;1.01;Baseline DCT/ Huffman coding;3;512x512;0.262;JPEG image data;JFIF standard 1.01;JFIF  $.' " # (7) 01444 '9=82<.342 !22222222222222222222222222222222222222222222222222 $3br %&'()*456789:CDEFGHIJSTUVWXYZcdefghijstuvwxyz  #3R &'()*56789:CDEFGHIJSTUVWXYZcdefghijstuvwxyz ;77 KB (78939 bytes);800bf7d928fdf81a9154bebb1e36897f7060bc30;1.50979 (0.00592075);JPEG (Joint Photographic Experts Group JFIF format);0 (0);255 (1);108.008 (0.42356);42.9539 (0.168447);-0.75972;0.136802;0.923678
/data/coverData/_alaska2-70636.jpg;8400f6649ce9a12af354395e368a4d178e06b77f;/data/out-stego-attrib/_alaska2-70636/outguess/longEbd-longKey.jpg;da39a3ee5e6b4b0d3255bfef95601890afd80709;outguess;longEbd;longKey;ce3a186609bceb6c79a9184dcdcc3e7851fdebde;da39a3ee5e6b4b0d3255bfef95601890afd80709;empty;-;-;-;-;-;-;-;-;-;-;-;-;-;-;-;-;-;-;-;-;-;-;-;-;-;-;-;-;-;-;-;-;-;-;-;-;-;-;-;-
/data/coverData/_alaska2-70636.jpg;8400f6649ce9a12af354395e368a4d178e06b77f;/data/out-stego-attrib/_alaska2-70636/outguess/lowEntropyEbd-longKey.jpg;da39a3ee5e6b4b0d3255bfef95601890afd80709;outguess;lowEntropyEbd;longKey;6b07672d0c71136de528fb719c6768784ebe5879;da39a3ee5e6b4b0d3255bfef95601890afd80709;empty;-;-;-;-;-;-;-;-;-;-;-;-;-;-;-;-;-;-;-;-;-;-;-;-;-;-;-;-;-;-;-;-;-;-;-;-;-;-;-;-
/data/coverData/_alaska2-70636.jpg;8400f6649ce9a12af354395e368a4d178e06b77f;/data/out-stego-attrib/_alaska2-70636/outguess/binaryEbd-longKey.jpg;da39a3ee5e6b4b0d3255bfef95601890afd80709;outguess;binaryEbd;longKey;21ed4cf4f811051407d1db438a3501932801d069;da39a3ee5e6b4b0d3255bfef95601890afd80709;empty;-;-;-;-;-;-;-;-;-;-;-;-;-;-;-;-;-;-;-;-;-;-;-;-;-;-;-;-;-;-;-;-;-;-;-;-;-;-;-;-
/data/coverData/_alaska2-70636.jpg;8400f6649ce9a12af354395e368a4d178e06b77f;/data/out-stego-attrib/_alaska2-70636/outguess-0.13/shortEbd-noKey.jpg;2326166213c3d8e32b1f9ca5f47b36f5ba62b8be;outguess-0.13;shortEbd;noKey;7648cf24a314672c5e708249f170706324d060e7;7648cf24a314672c5e708249f170706324d060e7;ok;ok;negative;Loaded 1 files...;13.5572 (0.0531654);15.5124 (0.060833);12.742 (0.0499687);35.159 (0.137878);89.1183 (0.349483);106.165 (0.416332);11.1263 (0.0436325);1.24706 (0.00489044);0.99123 (0.00388718);1.33461 (0.00523376);0.988312 (0.00387573);0.938702 (0.00368118);0.418282 (0.00164032);1.47566 (0.0057869);JPEG image data;77 kB;;image/jpeg;1.01;Baseline DCT/ Huffman coding;3;512x512;0.262;JPEG image data;JFIF standard 1.01;JFIF  $.' " # (7) 01444 '9=82<.342 !22222222222222222222222222222222222222222222222222 $3br %&'()*456789:CDEFGHIJSTUVWXYZcdefghijstuvwxyz  #3R &'()*56789:CDEFGHIJSTUVWXYZcdefghijstuvwxyz ;76 KB (78795 bytes);2326166213c3d8e32b1f9ca5f47b36f5ba62b8be;1.74619 (0.0068478);JPEG (Joint Photographic Experts Group JFIF format);0 (0);255 (1);107.998 (0.423521);42.8401 (0.168001);-0.768012;0.136906;0.922856
/data/coverData/_alaska2-70636.jpg;8400f6649ce9a12af354395e368a4d178e06b77f;/data/out-stego-attrib/_alaska2-70636/outguess-0.13/middleEbd-noKey.jpg;95d5e8e866dbee2b270cc4ea7dbc468cdac48532;outguess-0.13;middleEbd;noKey;787820e2c9c728e307b925648eacd22d85acdc36;787820e2c9c728e307b925648eacd22d85acdc36;ok;ok;negative;Loaded 1 files...;13.3023 (0.052166);14.9064 (0.0584564);12.1817 (0.0477715);35.3263 (0.138535);88.7078 (0.347874);105.57 (0.414001);9.98331 (0.0391502);1.23928 (0.00485992);0.931892 (0.00365448);1.34336 (0.0052681);0.984421 (0.00386047);0.928001 (0.00363922);0.4212 (0.00165176);1.3064 (0.00512314);JPEG image data;77 kB;;image/jpeg;1.01;Baseline DCT/ Huffman coding;3;512x512;0.262;JPEG image data;JFIF standard 1.01;JFIF  $.' " # (7) 01444 '9=82<.342 !22222222222222222222222222222222222222222222222222 $3br %&'()*456789:CDEFGHIJSTUVWXYZcdefghijstuvwxyz  #3R &'()*56789:CDEFGHIJSTUVWXYZcdefghijstuvwxyz ;77 KB (79265 bytes);95d5e8e866dbee2b270cc4ea7dbc468cdac48532;1.74124 (0.00682838);JPEG (Joint Photographic Experts Group JFIF format);0 (0);255 (1);107.998 (0.423521);43.0268 (0.168733);-0.760123;0.138419;0.924599
/data/coverData/_alaska2-70636.jpg;8400f6649ce9a12af354395e368a4d178e06b77f;/data/out-stego-attrib/_alaska2-70636/outguess-0.13/longEbd-noKey.jpg;da39a3ee5e6b4b0d3255bfef95601890afd80709;outguess-0.13;longEbd;noKey;ce3a186609bceb6c79a9184dcdcc3e7851fdebde;da39a3ee5e6b4b0d3255bfef95601890afd80709;empty;-;-;-;-;-;-;-;-;-;-;-;-;-;-;-;-;-;-;-;-;-;-;-;-;-;-;-;-;-;-;-;-;-;-;-;-;-;-;-;-
/data/coverData/_alaska2-70636.jpg;8400f6649ce9a12af354395e368a4d178e06b77f;/data/out-stego-attrib/_alaska2-70636/outguess-0.13/lowEntropyEbd-noKey.jpg;da39a3ee5e6b4b0d3255bfef95601890afd80709;outguess-0.13;lowEntropyEbd;noKey;6b07672d0c71136de528fb719c6768784ebe5879;da39a3ee5e6b4b0d3255bfef95601890afd80709;empty;-;-;-;-;-;-;-;-;-;-;-;-;-;-;-;-;-;-;-;-;-;-;-;-;-;-;-;-;-;-;-;-;-;-;-;-;-;-;-;-
/data/coverData/_alaska2-70636.jpg;8400f6649ce9a12af354395e368a4d178e06b77f;/data/out-stego-attrib/_alaska2-70636/outguess-0.13/binaryEbd-noKey.jpg;da39a3ee5e6b4b0d3255bfef95601890afd80709;outguess-0.13;binaryEbd;noKey;21ed4cf4f811051407d1db438a3501932801d069;da39a3ee5e6b4b0d3255bfef95601890afd80709;empty;-;-;-;-;-;-;-;-;-;-;-;-;-;-;-;-;-;-;-;-;-;-;-;-;-;-;-;-;-;-;-;-;-;-;-;-;-;-;-;-
/data/coverData/_alaska2-70636.jpg;8400f6649ce9a12af354395e368a4d178e06b77f;/data/out-stego-attrib/_alaska2-70636/outguess-0.13/shortEbd-shortKey.jpg;bfbae717965c7a26f4f2ba3b9b7be08ed39fe999;outguess-0.13;shortEbd;shortKey;7648cf24a314672c5e708249f170706324d060e7;7648cf24a314672c5e708249f170706324d060e7;ok;ok;negative;Loaded 1 files... /data/out-stego-attrib/_alaska2-70636/outguess-0.13/shortEbd-shortKey.jpg : negative Processed 1 files found 0 embeddings. Time: 0 seconds: Cracks: 56 inf c/s;13.5475 (0.0531273);15.456 (0.0606117);12.7508 (0.0500031);35.1473 (0.137833);89.1241 (0.349506);106.171 (0.416355);11.0884 (0.0434837);1.22566 (0.00480652);0.981503 (0.00384903);1.33461 (0.00523376);0.942593 (0.00369644);0.928974 (0.00364304);0.420227 (0.00164795);1.48052 (0.00580597);JPEG image data;77 kB;;image/jpeg;1.01;Baseline DCT/ Huffman coding;3;512x512;0.262;JPEG image data;JFIF standard 1.01;JFIF  $.' " # (7) 01444 '9=82<.342 !22222222222222222222222222222222222222222222222222 $3br %&'()*456789:CDEFGHIJSTUVWXYZcdefghijstuvwxyz  #3R &'()*56789:CDEFGHIJSTUVWXYZcdefghijstuvwxyz ;76 KB (78794 bytes);bfbae717965c7a26f4f2ba3b9b7be08ed39fe999;1.72002 (0.00674516);JPEG (Joint Photographic Experts Group JFIF format);0 (0);255 (1);107.998 (0.423522);42.8404 (0.168002);-0.768046;0.136832;0.922644
/data/coverData/_alaska2-70636.jpg;8400f6649ce9a12af354395e368a4d178e06b77f;/data/out-stego-attrib/_alaska2-70636/outguess-0.13/middleEbd-shortKey.jpg;e1b1bb5bf1a5d1c157810a1109a597974bb51ea5;outguess-0.13;middleEbd;shortKey;787820e2c9c728e307b925648eacd22d85acdc36;787820e2c9c728e307b925648eacd22d85acdc36;ok;ok;negative;;13.0231 (0.0510712);14.849 (0.0582314);12.1691 (0.0477219);35.2611 (0.138279);88.7525 (0.348049);105.477 (0.413635);9.87534 (0.0387268);1.19453 (0.00468445);0.925083 (0.00362778);1.28208 (0.00502777);0.925083 (0.00362778);0.926056 (0.00363159);0.419254 (0.00164413);1.39006 (0.0054512);JPEG image data;77 kB;;image/jpeg;1.01;Baseline DCT/ Huffman coding;3;512x512;0.262;JPEG image data;JFIF standard 1.01;JFIF  $.' " # (7) 01444 '9=82<.342 !22222222222222222222222222222222222222222222222222 $3br %&'()*456789:CDEFGHIJSTUVWXYZcdefghijstuvwxyz  #3R &'()*56789:CDEFGHIJSTUVWXYZcdefghijstuvwxyz ;77 KB (79234 bytes);e1b1bb5bf1a5d1c157810a1109a597974bb51ea5;1.6706 (0.00655139);JPEG (Joint Photographic Experts Group JFIF format);0 (0);255 (1);107.998 (0.423523);43.0264 (0.168731);-0.759561;0.138498;0.92483
/data/coverData/_alaska2-70636.jpg;8400f6649ce9a12af354395e368a4d178e06b77f;/data/out-stego-attrib/_alaska2-70636/outguess-0.13/longEbd-shortKey.jpg;da39a3ee5e6b4b0d3255bfef95601890afd80709;outguess-0.13;longEbd;shortKey;ce3a186609bceb6c79a9184dcdcc3e7851fdebde;da39a3ee5e6b4b0d3255bfef95601890afd80709;empty;-;-;-;-;-;-;-;-;-;-;-;-;-;-;-;-;-;-;-;-;-;-;-;-;-;-;-;-;-;-;-;-;-;-;-;-;-;-;-;-
/data/coverData/_alaska2-70636.jpg;8400f6649ce9a12af354395e368a4d178e06b77f;/data/out-stego-attrib/_alaska2-70636/outguess-0.13/lowEntropyEbd-shortKey.jpg;da39a3ee5e6b4b0d3255bfef95601890afd80709;outguess-0.13;lowEntropyEbd;shortKey;6b07672d0c71136de528fb719c6768784ebe5879;da39a3ee5e6b4b0d3255bfef95601890afd80709;empty;-;-;-;-;-;-;-;-;-;-;-;-;-;-;-;-;-;-;-;-;-;-;-;-;-;-;-;-;-;-;-;-;-;-;-;-;-;-;-;-
/data/coverData/_alaska2-70636.jpg;8400f6649ce9a12af354395e368a4d178e06b77f;/data/out-stego-attrib/_alaska2-70636/outguess-0.13/binaryEbd-shortKey.jpg;da39a3ee5e6b4b0d3255bfef95601890afd80709;outguess-0.13;binaryEbd;shortKey;21ed4cf4f811051407d1db438a3501932801d069;da39a3ee5e6b4b0d3255bfef95601890afd80709;empty;-;-;-;-;-;-;-;-;-;-;-;-;-;-;-;-;-;-;-;-;-;-;-;-;-;-;-;-;-;-;-;-;-;-;-;-;-;-;-;-
/data/coverData/_alaska2-70636.jpg;8400f6649ce9a12af354395e368a4d178e06b77f;/data/out-stego-attrib/_alaska2-70636/outguess-0.13/shortEbd-longKey.jpg;edb156f60921ac588a5b397dd204db29d83da658;outguess-0.13;shortEbd;longKey;7648cf24a314672c5e708249f170706324d060e7;7648cf24a314672c5e708249f170706324d060e7;ok;ok;negative;;13.634 (0.0534668);15.5134 (0.0608368);12.7547 (0.0500183);35.1308 (0.137768);89.1105 (0.349453);106.138 (0.416229);11.0835 (0.0434647);1.24317 (0.00487518);1.0029 (0.00393295);1.34726 (0.00528336);0.943565 (0.00370026);0.943565 (0.00370026);0.417309 (0.00163651);1.48247 (0.0058136);JPEG image data;77 kB;;image/jpeg;1.01;Baseline DCT/ Huffman coding;3;512x512;0.262;JPEG image data;JFIF standard 1.01;JFIF  $.' " # (7) 01444 '9=82<.342 !22222222222222222222222222222222222222222222222222 $3br %&'()*456789:CDEFGHIJSTUVWXYZcdefghijstuvwxyz  #3R &'()*56789:CDEFGHIJSTUVWXYZcdefghijstuvwxyz ;76 KB (78776 bytes);edb156f60921ac588a5b397dd204db29d83da658;1.75542 (0.00688402);JPEG (Joint Photographic Experts Group JFIF format);0 (0);255 (1);107.998 (0.423522);42.8414 (0.168005);-0.767619;0.137013;0.922866
/data/coverData/_alaska2-70636.jpg;8400f6649ce9a12af354395e368a4d178e06b77f;/data/out-stego-attrib/_alaska2-70636/outguess-0.13/middleEbd-longKey.jpg;9e2d91a4ab42ae466bdf6aaa2998db494d6d4a33;outguess-0.13;middleEbd;longKey;787820e2c9c728e307b925648eacd22d85acdc36;787820e2c9c728e307b925648eacd22d85acdc36;ok;ok;negative;Loaded 1 files... /data/out-stego-attrib/_alaska2-70636/outguess-0.13/middleEbd-longKey.jpg : negative Processed 1 files found 0 embeddings. Time: 0 seconds: Cracks: 56 inf c/s;13.3646 (0.0524101);14.8685 (0.0583076);12.1525 (0.047657);35.4129 (0.138874);88.9198 (0.348705);105.606 (0.414143);9.98623 (0.0391617);1.21593 (0.00476837);0.909519 (0.00356674);1.28403 (0.0050354);0.845318 (0.00331497);0.937729 (0.00367737);0.433846 (0.00170135);1.37741 (0.00540161);JPEG image data;77 kB;;image/jpeg;1.01;Baseline DCT/ Huffman coding;3;512x512;0.262;JPEG image data;JFIF standard 1.01;JFIF  $.' " # (7) 01444 '9=82<.342 !22222222222222222222222222222222222222222222222222 $3br %&'()*456789:CDEFGHIJSTUVWXYZcdefghijstuvwxyz  #3R &'()*56789:CDEFGHIJSTUVWXYZcdefghijstuvwxyz ;77 KB (79222 bytes);9e2d91a4ab42ae466bdf6aaa2998db494d6d4a33;1.71523 (0.00672637);JPEG (Joint Photographic Experts Group JFIF format);0 (0);255 (1);107.999 (0.423524);43.0261 (0.16873);-0.760146;0.137328;0.924364
/data/coverData/_alaska2-70636.jpg;8400f6649ce9a12af354395e368a4d178e06b77f;/data/out-stego-attrib/_alaska2-70636/outguess-0.13/longEbd-longKey.jpg;da39a3ee5e6b4b0d3255bfef95601890afd80709;outguess-0.13;longEbd;longKey;ce3a186609bceb6c79a9184dcdcc3e7851fdebde;da39a3ee5e6b4b0d3255bfef95601890afd80709;empty;-;-;-;-;-;-;-;-;-;-;-;-;-;-;-;-;-;-;-;-;-;-;-;-;-;-;-;-;-;-;-;-;-;-;-;-;-;-;-;-
/data/coverData/_alaska2-70636.jpg;8400f6649ce9a12af354395e368a4d178e06b77f;/data/out-stego-attrib/_alaska2-70636/outguess-0.13/lowEntropyEbd-longKey.jpg;da39a3ee5e6b4b0d3255bfef95601890afd80709;outguess-0.13;lowEntropyEbd;longKey;6b07672d0c71136de528fb719c6768784ebe5879;da39a3ee5e6b4b0d3255bfef95601890afd80709;empty;-;-;-;-;-;-;-;-;-;-;-;-;-;-;-;-;-;-;-;-;-;-;-;-;-;-;-;-;-;-;-;-;-;-;-;-;-;-;-;-
/data/coverData/_alaska2-70636.jpg;8400f6649ce9a12af354395e368a4d178e06b77f;/data/out-stego-attrib/_alaska2-70636/outguess-0.13/binaryEbd-longKey.jpg;da39a3ee5e6b4b0d3255bfef95601890afd80709;outguess-0.13;binaryEbd;longKey;21ed4cf4f811051407d1db438a3501932801d069;da39a3ee5e6b4b0d3255bfef95601890afd80709;empty;-;-;-;-;-;-;-;-;-;-;-;-;-;-;-;-;-;-;-;-;-;-;-;-;-;-;-;-;-;-;-;-;-;-;-;-;-;-;-;-
/data/coverData/_alaska2-70636.jpg;8400f6649ce9a12af354395e368a4d178e06b77f;/data/out-stego-attrib/_alaska2-70636/steghide/shortEbd-shortKey.jpg;0338a63609534b682ac9cec437e8757c7626fa03;steghide;shortEbd;shortKey;7648cf24a314672c5e708249f170706324d060e7;7648cf24a314672c5e708249f170706324d060e7;ok;ok;negative;-;238.575 (0.935589);237.93 (0.93306);237.737 (0.932301);225.213 (0.88319);233.82 (0.916943);234.682 (0.920322);236.064 (0.925739);235.823 (0.924797);232.437 (0.911518);229.467 (0.899872);231.99 (0.909763);234.458 (0.919445);225.453 (0.884129);232.167 (0.910458);JPEG image data;165 kB;;image/jpeg;1.01;Baseline DCT/ Huffman coding;3;512x512;0.262;JPEG image data;JFIF standard 1.01;JFIF $3br %&'()*456789:CDEFGHIJSTUVWXYZcdefghijstuvwxyz  #3R &'()*56789:CDEFGHIJSTUVWXYZcdefghijstuvwxyz dQmJ XZhz O6^2 W wg ;164 KB (168529 bytes);0338a63609534b682ac9cec437e8757c7626fa03;235.887 (0.925048);JPEG (Joint Photographic Experts Group JFIF format);0 (0);255 (1);108.014 (0.423584);43.2226 (0.1695);-0.797571;0.157905;0.923258
/data/coverData/_alaska2-70636.jpg;8400f6649ce9a12af354395e368a4d178e06b77f;/data/out-stego-attrib/_alaska2-70636/steghide/middleEbd-shortKey.jpg;50ad7bf04db66f5bc82701ad60f0c216a3e0751b;steghide;middleEbd;shortKey;787820e2c9c728e307b925648eacd22d85acdc36;787820e2c9c728e307b925648eacd22d85acdc36;ok;ok;negative;-;196.456 (0.770416);195.18 (0.765411);195.593 (0.767033);166.025 (0.651077);191.369 (0.750465);195.114 (0.765152);197.088 (0.772896);189.202 (0.74197);179.45 (0.703724);172.172 (0.675186);178.502 (0.700008);185.021 (0.725571);162.285 (0.636414);181.841 (0.7131);JPEG image data;165 kB;;image/jpeg;1.01;Baseline DCT/ Huffman coding;3;512x512;0.262;JPEG image data;JFIF standard 1.01;JFIF $3br %&'()*456789:CDEFGHIJSTUVWXYZcdefghijstuvwxyz  #3R &'()*56789:CDEFGHIJSTUVWXYZcdefghijstuvwxyz iLu> Hnf3 9\)2   c dg ;164 KB (168580 bytes);50ad7bf04db66f5bc82701ad60f0c216a3e0751b;189.357 (0.742577);JPEG (Joint Photographic Experts Group JFIF format);0 (0);255 (1);108.014 (0.423585);43.2293 (0.169527);-0.796928;0.157796;0.923766
/data/coverData/_alaska2-70636.jpg;8400f6649ce9a12af354395e368a4d178e06b77f;/data/out-stego-attrib/_alaska2-70636/steghide/longEbd-shortKey.jpg;abf43da740c912ab80cbfe552558c0c6bcaf8074;steghide;longEbd;shortKey;ce3a186609bceb6c79a9184dcdcc3e7851fdebde;ce3a186609bceb6c79a9184dcdcc3e7851fdebde;ok;ok;negative;-;171.742 (0.673496);170.323 (0.667934);170.777 (0.669712);138.577 (0.543438);171.879 (0.674034);177.377 (0.695595);178.878 (0.701481);161.839 (0.634663);150.184 (0.588955);140.8 (0.552158);150.122 (0.588715);156.649 (0.614311);129.683 (0.50856);154.908 (0.607483);JPEG image data;165 kB;;image/jpeg;1.01;Baseline DCT/ Huffman coding;3;512x512;0.262;JPEG image data;JFIF standard 1.01;JFIF $3br %&'()*456789:CDEFGHIJSTUVWXYZcdefghijstuvwxyz  #3R &'()*56789:CDEFGHIJSTUVWXYZcdefghijstuvwxyz ?0?O x{l} d$k$ +#JToy ;164 KB (168674 bytes);abf43da740c912ab80cbfe552558c0c6bcaf8074;162.037 (0.635438);JPEG (Joint Photographic Experts Group JFIF format);0 (0);255 (1);108.015 (0.423586);43.2348 (0.169548);-0.796488;0.157637;0.92492
/data/coverData/_alaska2-70636.jpg;8400f6649ce9a12af354395e368a4d178e06b77f;/data/out-stego-attrib/_alaska2-70636/steghide/lowEntropyEbd-shortKey.jpg;84c9a9a26d7ba68a195dec923bea99a2be8d254f;steghide;lowEntropyEbd;shortKey;6b07672d0c71136de528fb719c6768784ebe5879;6b07672d0c71136de528fb719c6768784ebe5879;ok;ok;negative;-;240.091 (0.941532);239.729 (0.940113);239.863 (0.940639);229.028 (0.898148);236.275 (0.926567);237.275 (0.930489);238.069 (0.933605);238.203 (0.934128);235.158 (0.922188);232.684 (0.912487);234.801 (0.920788);236.926 (0.929123);229.238 (0.898972);235.356 (0.922966);JPEG image data;165 kB;;image/jpeg;1.01;Baseline DCT/ Huffman coding;3;512x512;0.262;JPEG image data;JFIF standard 1.01;JFIF $3br %&'()*456789:CDEFGHIJSTUVWXYZcdefghijstuvwxyz  #3R &'()*56789:CDEFGHIJSTUVWXYZcdefghijstuvwxyz dQmJ ?0?O x{l} d$k$ ;164 KB (168547 bytes);84c9a9a26d7ba68a195dec923bea99a2be8d254f;238.2 (0.934117);JPEG (Joint Photographic Experts Group JFIF format);0 (0);255 (1);108.014 (0.423582);43.2218 (0.169497);-0.797563;0.157776;0.923257
/data/coverData/_alaska2-70636.jpg;8400f6649ce9a12af354395e368a4d178e06b77f;/data/out-stego-attrib/_alaska2-70636/steghide/binaryEbd-shortKey.jpg;02af7e5b421cc8bcc2635b5c5d9e96ed7c9dbfc4;steghide;binaryEbd;shortKey;21ed4cf4f811051407d1db438a3501932801d069;21ed4cf4f811051407d1db438a3501932801d069;ok;ok;negative;-;92.7748 (0.363823);92.378 (0.362267);90.1105 (0.353374);73.3491 (0.287643);125.07 (0.490471);135.166 (0.530064);131.012 (0.513771);75.7683 (0.297131);64.6177 (0.253403);55.647 (0.218224);64.1401 (0.25153);68.8628 (0.27005);44.6063 (0.174927);75.2479 (0.29509);JPEG image data;165 kB;;image/jpeg;1.01;Baseline DCT/ Huffman coding;3;512x512;0.262;JPEG image data;JFIF standard 1.01;JFIF $3br %&'()*456789:CDEFGHIJSTUVWXYZcdefghijstuvwxyz  #3R &'()*56789:CDEFGHIJSTUVWXYZcdefghijstuvwxyz iLu> Xnf3 KHC8\( CRm> ;164 KB (168830 bytes);02af7e5b421cc8bcc2635b5c5d9e96ed7c9dbfc4;76.3916 (0.299575);JPEG (Joint Photographic Experts Group JFIF format);0 (0);255 (1);108.011 (0.423572);43.2618 (0.169654);-0.793711;0.157062;0.924063
/data/coverData/_alaska2-70636.jpg;8400f6649ce9a12af354395e368a4d178e06b77f;/data/out-stego-attrib/_alaska2-70636/steghide/shortEbd-longKey.jpg;3d71898c7424d099b5f9f8433bccf0836ca3e9ea;steghide;shortEbd;longKey;7648cf24a314672c5e708249f170706324d060e7;7648cf24a314672c5e708249f170706324d060e7;ok;ok;negative;-;238.215 (0.934177);237.701 (0.932159);237.845 (0.932724);225.489 (0.88427);233.84 (0.917019);234.823 (0.920876);235.876 (0.925003);235.75 (0.924511);232.412 (0.911419);229.496 (0.899982);231.826 (0.909122);234.539 (0.919762);225.628 (0.884815);232.376 (0.911278);JPEG image data;165 kB;;image/jpeg;1.01;Baseline DCT/ Huffman coding;3;512x512;0.262;JPEG image data;JFIF standard 1.01;JFIF $3br %&'()*456789:CDEFGHIJSTUVWXYZcdefghijstuvwxyz  #3R &'()*56789:CDEFGHIJSTUVWXYZcdefghijstuvwxyz $XT= 5QDE ?0?O x{l} ;164 KB (168534 bytes);3d71898c7424d099b5f9f8433bccf0836ca3e9ea;235.817 (0.924773);JPEG (Joint Photographic Experts Group JFIF format);0 (0);255 (1);108.014 (0.423583);43.2211 (0.169494);-0.797345;0.157869;0.923263
/data/coverData/_alaska2-70636.jpg;8400f6649ce9a12af354395e368a4d178e06b77f;/data/out-stego-attrib/_alaska2-70636/steghide/middleEbd-longKey.jpg;0a33ab88a9f5636288c9f9a089ce7054507b39f1;steghide;middleEbd;longKey;787820e2c9c728e307b925648eacd22d85acdc36;787820e2c9c728e307b925648eacd22d85acdc36;ok;ok;negative;-;195.246 (0.765671);193.852 (0.760204);194.145 (0.761353);164.091 (0.643494);190.034 (0.745232);194.089 (0.761135);195.599 (0.767056);187.23 (0.734234);177.996 (0.698025);169.845 (0.666058);177.044 (0.69429);183.337 (0.718967);159.582 (0.625813);180.302 (0.707066);JPEG image data;165 kB;;image/jpeg;1.01;Baseline DCT/ Huffman coding;3;512x512;0.262;JPEG image data;JFIF standard 1.01;JFIF $3br %&'()*456789:CDEFGHIJSTUVWXYZcdefghijstuvwxyz  #3R &'()*56789:CDEFGHIJSTUVWXYZcdefghijstuvwxyz $XT= 5QDE uI$PGdB (k]B ;164 KB (168523 bytes);0a33ab88a9f5636288c9f9a089ce7054507b39f1;187.488 (0.735246);JPEG (Joint Photographic Experts Group JFIF format);0 (0);255 (1);108.013 (0.423582);43.2294 (0.169527);-0.796648;0.157852;0.923543
/data/coverData/_alaska2-70636.jpg;8400f6649ce9a12af354395e368a4d178e06b77f;/data/out-stego-attrib/_alaska2-70636/steghide/longEbd-longKey.jpg;86c6cfbb2efc9cce51bbb8e22a38a0012af6224f;steghide;longEbd;longKey;ce3a186609bceb6c79a9184dcdcc3e7851fdebde;ce3a186609bceb6c79a9184dcdcc3e7851fdebde;ok;ok;negative;-;172.489 (0.676426);170.528 (0.668736);170.873 (0.67009);137.999 (0.541172);171.311 (0.671806);176.941 (0.693886);179.239 (0.702896);161.361 (0.63279);149.874 (0.587742);140.656 (0.551594);148.875 (0.583824);156.2 (0.612549);129.267 (0.506931);154.884 (0.607388);JPEG image data;165 kB;;image/jpeg;1.01;Baseline DCT/ Huffman coding;3;512x512;0.262;JPEG image data;JFIF standard 1.01;JFIF $3br %&'()*456789:CDEFGHIJSTUVWXYZcdefghijstuvwxyz  #3R &'()*56789:CDEFGHIJSTUVWXYZcdefghijstuvwxyz G>EdiJ F<(8'   c dg u(+lpF< ;164 KB (168591 bytes);86c6cfbb2efc9cce51bbb8e22a38a0012af6224f;161.564 (0.633583);JPEG (Joint Photographic Experts Group JFIF format);0 (0);255 (1);108.013 (0.423581);43.2326 (0.16954);-0.796414;0.157843;0.924901
/data/coverData/_alaska2-70636.jpg;8400f6649ce9a12af354395e368a4d178e06b77f;/data/out-stego-attrib/_alaska2-70636/steghide/lowEntropyEbd-longKey.jpg;bd6fdd59a9e9ba3feb490bac6edbfd3435a1abd1;steghide;lowEntropyEbd;longKey;6b07672d0c71136de528fb719c6768784ebe5879;6b07672d0c71136de528fb719c6768784ebe5879;ok;ok;negative;-;238.703 (0.936089);238.178 (0.934032);238.375 (0.934803);227.629 (0.892662);235.443 (0.923306);236.454 (0.927269);237.261 (0.930435);236.457 (0.92728);233.379 (0.915211);230.681 (0.904633);232.927 (0.913441);235.35 (0.922943);227.393 (0.891739);233.944 (0.917427);JPEG image data;165 kB;;image/jpeg;1.01;Baseline DCT/ Huffman coding;3;512x512;0.262;JPEG image data;JFIF standard 1.01;JFIF $3br %&'()*456789:CDEFGHIJSTUVWXYZcdefghijstuvwxyz  #3R &'()*56789:CDEFGHIJSTUVWXYZcdefghijstuvwxyz dQmJ  -4=^ #?{wU MuWge ;164 KB (168557 bytes);bd6fdd59a9e9ba3feb490bac6edbfd3435a1abd1;236.553 (0.927658);JPEG (Joint Photographic Experts Group JFIF format);0 (0);255 (1);108.013 (0.423582);43.2217 (0.169497);-0.797408;0.157976;0.9237
/data/coverData/_alaska2-70636.jpg;8400f6649ce9a12af354395e368a4d178e06b77f;/data/out-stego-attrib/_alaska2-70636/steghide/binaryEbd-longKey.jpg;dda930071699d63695cbcea1373f8460ef0ede8b;steghide;binaryEbd;longKey;21ed4cf4f811051407d1db438a3501932801d069;21ed4cf4f811051407d1db438a3501932801d069;ok;ok;negative;-;93.5482 (0.366856);93.9976 (0.368618);92.3507 (0.36216);74.5611 (0.292397);125.819 (0.493408);136.22 (0.534195);130.73 (0.512669);77.7537 (0.304916);66.4912 (0.26075);57.8007 (0.226669);65.5437 (0.257034);70.7713 (0.277534);45.9059 (0.180023);76.7965 (0.301163);JPEG image data;165 kB;;image/jpeg;1.01;Baseline DCT/ Huffman coding;3;512x512;0.262;JPEG image data;JFIF standard 1.01;JFIF $3br %&'()*456789:CDEFGHIJSTUVWXYZcdefghijstuvwxyz  #3R &'()*56789:CDEFGHIJSTUVWXYZcdefghijstuvwxyz 7*I<a u}e}} Gn0( &C*n ;164 KB (168870 bytes);dda930071699d63695cbcea1373f8460ef0ede8b;78.3358 (0.307199);JPEG (Joint Photographic Experts Group JFIF format);0 (0);255 (1);108.014 (0.423583);43.2617 (0.169654);-0.793294;0.157355;0.924062
/data/coverData/_alaska2-70636.jpg;8400f6649ce9a12af354395e368a4d178e06b77f;/data/out-stego-attrib/_alaska2-70636/f5/shortEbd-noKey.jpg;8947fccf8bae6b923a95c6d6aa6d5840d4157e35;f5;shortEbd;noKey;7648cf24a314672c5e708249f170706324d060e7;7648cf24a314672c5e708249f170706324d060e7;ok;ok;negative;-;13.7547 (0.0539398);16.2955 (0.0639038);13.314 (0.0522118);41.9566 (0.164536);95.7991 (0.375683);111.483 (0.437187);10.386 (0.0407295);1.2315 (0.00482941);1.11477 (0.00437164);1.23344 (0.00483704);0.877419 (0.00344086);0.900764 (0.00353241);0.617695 (0.00242233);1.37352 (0.00538635);JPEG image data;96 kB;;image/jpeg;1.01;Baseline DCT/ Huffman coding;3;512x512;0.262;JPEG image data;JFIF standard 1.01;JFIF written by fengji    #&')*) -0-(0%()( (((((((((((((((((((((((((((((((((((((((((((((((((( $3br %&'()*456789:CDEFGHIJSTUVWXYZcdefghijstuvwxyz  #3R &'()*56789:CDEFGHIJSTUVWXYZcdefghijstuvwxyz ;95 KB (98032 bytes);8947fccf8bae6b923a95c6d6aa6d5840d4157e35;1.66953 (0.00654719);JPEG (Joint Photographic Experts Group JFIF format);0 (0);255 (1);108.286 (0.42465);43.6914 (0.171339);-0.754674;0.136034;0.927787
/data/coverData/_alaska2-70636.jpg;8400f6649ce9a12af354395e368a4d178e06b77f;/data/out-stego-attrib/_alaska2-70636/f5/middleEbd-noKey.jpg;cc7983cc8a386c244cb3f26e6d29a9e8e0b96bae;f5;middleEbd;noKey;787820e2c9c728e307b925648eacd22d85acdc36;787820e2c9c728e307b925648eacd22d85acdc36;ok;ok;negative;-;13.7692 (0.053997);15.9453 (0.0625305);12.7265 (0.0499077);40.9439 (0.160564);94.5793 (0.370899);110.5 (0.433334);9.96483 (0.0390778);1.20718 (0.00473404);0.981503 (0.00384903);1.30543 (0.00511932);0.996094 (0.00390625);0.878391 (0.00344467);0.588512 (0.00230789);1.32877 (0.00521088);JPEG image data;95 kB;;image/jpeg;1.01;Baseline DCT/ Huffman coding;3;512x512;0.262;JPEG image data;JFIF standard 1.01;JFIF written by fengji    #&')*) -0-(0%()( (((((((((((((((((((((((((((((((((((((((((((((((((( $3br %&'()*456789:CDEFGHIJSTUVWXYZcdefghijstuvwxyz  #3R &'()*56789:CDEFGHIJSTUVWXYZcdefghijstuvwxyz ;94 KB (97169 bytes);cc7983cc8a386c244cb3f26e6d29a9e8e0b96bae;1.63359 (0.00640622);JPEG (Joint Photographic Experts Group JFIF format);0 (0);255 (1);108.286 (0.424652);43.5665 (0.170849);-0.753862;0.136326;0.927488
/data/coverData/_alaska2-70636.jpg;8400f6649ce9a12af354395e368a4d178e06b77f;/data/out-stego-attrib/_alaska2-70636/f5/longEbd-noKey.jpg;9287462af3f5fca706f0243b7da3cfd4ba12fd0b;f5;longEbd;noKey;ce3a186609bceb6c79a9184dcdcc3e7851fdebde;da39a3ee5e6b4b0d3255bfef95601890afd80709;ok;empty;negative;-;11.4483 (0.0448952);12.8724 (0.0504799);11.1098 (0.0435677);26.843 (0.105267);76.8607 (0.301414);99.7884 (0.391327);5.50089 (0.0215721);0.979557 (0.0038414);0.776253 (0.00304413);1.00582 (0.0039444);0.755825 (0.00296402);0.738316 (0.00289536);0.294743 (0.00115585);0.946484 (0.0037117);JPEG image data;83 kB;;image/jpeg;1.01;Baseline DCT/ Huffman coding;3;512x512;0.262;JPEG image data;JFIF standard 1.01;JFIF written by fengji    #&')*) -0-(0%()( (((((((((((((((((((((((((((((((((((((((((((((((((( $3br %&'()*456789:CDEFGHIJSTUVWXYZcdefghijstuvwxyz  #3R &'()*56789:CDEFGHIJSTUVWXYZcdefghijstuvwxyz ;82 KB (84785 bytes);9287462af3f5fca706f0243b7da3cfd4ba12fd0b;1.24015 (0.00486332);JPEG (Joint Photographic Experts Group JFIF format);0 (0);255 (1);108.287 (0.424655);41.6946 (0.163508);-0.74518;0.113961;0.919724
/data/coverData/_alaska2-70636.jpg;8400f6649ce9a12af354395e368a4d178e06b77f;/data/out-stego-attrib/_alaska2-70636/f5/lowEntropyEbd-noKey.jpg;da66d5e355c64e8195e14fe51020dadc4359c7a4;f5;lowEntropyEbd;noKey;6b07672d0c71136de528fb719c6768784ebe5879;da39a3ee5e6b4b0d3255bfef95601890afd80709;ok;empty;negative;-;11.7547 (0.0460968);12.8267 (0.0503006);10.9463 (0.0429268);26.9004 (0.105492);77.1661 (0.302612);99.9187 (0.391838);5.71878 (0.0224266);0.893955 (0.00350571);0.728588 (0.00285721);0.937729 (0.00367737);0.732479 (0.00287247);0.659523 (0.00258636);0.297661 (0.0011673);0.943565 (0.00370026);JPEG image data;83 kB;;image/jpeg;1.01;Baseline DCT/ Huffman coding;3;512x512;0.262;JPEG image data;JFIF standard 1.01;JFIF written by fengji    #&')*) -0-(0%()( (((((((((((((((((((((((((((((((((((((((((((((((((( $3br %&'()*456789:CDEFGHIJSTUVWXYZcdefghijstuvwxyz  #3R &'()*56789:CDEFGHIJSTUVWXYZcdefghijstuvwxyz ;82 KB (84840 bytes);da66d5e355c64e8195e14fe51020dadc4359c7a4;1.16579 (0.00457174);JPEG (Joint Photographic Experts Group JFIF format);0 (0);255 (1);108.285 (0.424649);41.6945 (0.163508);-0.7441;0.113202;0.91999
/data/coverData/_alaska2-70636.jpg;8400f6649ce9a12af354395e368a4d178e06b77f;/data/out-stego-attrib/_alaska2-70636/f5/shortEbd-shortKey.jpg;a0bc7d6086f77e82a3df117c60e8575146bf3940;f5;shortEbd;shortKey;7648cf24a314672c5e708249f170706324d060e7;7648cf24a314672c5e708249f170706324d060e7;ok;ok;negative;-;13.7362 (0.0538673);16.2896 (0.0638809);13.279 (0.0520744);41.9352 (0.164452);95.8351 (0.375824);111.479 (0.437172);10.3043 (0.0404091);1.2101 (0.00474548);1.07586 (0.00421906);1.22274 (0.00479507);0.884228 (0.00346756);0.882282 (0.00345993);0.607967 (0.00238419);1.36574 (0.00535583);JPEG image data;96 kB;;image/jpeg;1.01;Baseline DCT/ Huffman coding;3;512x512;0.262;JPEG image data;JFIF standard 1.01;JFIF written by fengji    #&')*) -0-(0%()( (((((((((((((((((((((((((((((((((((((((((((((((((( $3br %&'()*456789:CDEFGHIJSTUVWXYZcdefghijstuvwxyz  #3R &'()*56789:CDEFGHIJSTUVWXYZcdefghijstuvwxyz ;95 KB (98033 bytes);a0bc7d6086f77e82a3df117c60e8575146bf3940;1.67496 (0.00656847);JPEG (Joint Photographic Experts Group JFIF format);0 (0);255 (1);108.286 (0.42465);43.6914 (0.171339);-0.754635;0.136082;0.928011
/data/coverData/_alaska2-70636.jpg;8400f6649ce9a12af354395e368a4d178e06b77f;/data/out-stego-attrib/_alaska2-70636/f5/middleEbd-shortKey.jpg;4094d5d19b00da477a43ee4050378924117e0fd0;f5;middleEbd;shortKey;787820e2c9c728e307b925648eacd22d85acdc36;787820e2c9c728e307b925648eacd22d85acdc36;ok;ok;negative;-;13.7488 (0.0539169);15.8694 (0.062233);12.8714 (0.0504761);40.9128 (0.160442);94.5141 (0.370644);110.722 (0.434204);9.83059 (0.0385513);1.1994 (0.00470352);0.964966 (0.00378418);1.23831 (0.00485611);0.890064 (0.00349045);0.885201 (0.00347137);0.581703 (0.00228119);1.32294 (0.00518799);JPEG image data;95 kB;;image/jpeg;1.01;Baseline DCT/ Huffman coding;3;512x512;0.262;JPEG image data;JFIF standard 1.01;JFIF written by fengji    #&')*) -0-(0%()( (((((((((((((((((((((((((((((((((((((((((((((((((( $3br %&'()*456789:CDEFGHIJSTUVWXYZcdefghijstuvwxyz  #3R &'()*56789:CDEFGHIJSTUVWXYZcdefghijstuvwxyz ;94 KB (97214 bytes);4094d5d19b00da477a43ee4050378924117e0fd0;1.64816 (0.00646338);JPEG (Joint Photographic Experts Group JFIF format);0 (0);255 (1);108.286 (0.42465);43.5637 (0.170838);-0.754712;0.135736;0.927265
/data/coverData/_alaska2-70636.jpg;8400f6649ce9a12af354395e368a4d178e06b77f;/data/out-stego-attrib/_alaska2-70636/f5/longEbd-shortKey.jpg;8d6b733418c481163bac67682090ed00aa740793;f5;longEbd;shortKey;ce3a186609bceb6c79a9184dcdcc3e7851fdebde;da39a3ee5e6b4b0d3255bfef95601890afd80709;ok;empty;negative;-;11.7732 (0.0461693);12.9268 (0.0506935);10.9969 (0.0431252);26.8041 (0.105114);76.9619 (0.301811);100.046 (0.392338);5.57093 (0.0218468);0.993176 (0.00389481);0.843372 (0.00330734);0.956211 (0.00374985);0.788898 (0.00309372);0.73637 (0.00288773);0.325871 (0.00127792);0.974693 (0.00382233);JPEG image data;83 kB;;image/jpeg;1.01;Baseline DCT/ Huffman coding;3;512x512;0.262;JPEG image data;JFIF standard 1.01;JFIF written by fengji    #&')*) -0-(0%()( (((((((((((((((((((((((((((((((((((((((((((((((((( $3br %&'()*456789:CDEFGHIJSTUVWXYZcdefghijstuvwxyz  #3R &'()*56789:CDEFGHIJSTUVWXYZcdefghijstuvwxyz ;82 KB (84742 bytes);8d6b733418c481163bac67682090ed00aa740793;1.34761 (0.00528473);JPEG (Joint Photographic Experts Group JFIF format);0 (0);255 (1);108.286 (0.424653);41.6883 (0.163484);-0.74256;0.114392;0.920205
/data/coverData/_alaska2-70636.jpg;8400f6649ce9a12af354395e368a4d178e06b77f;/data/out-stego-attrib/_alaska2-70636/f5/lowEntropyEbd-shortKey.jpg;26daa6b3bea15436d1e600983193686905230ef6;f5;lowEntropyEbd;shortKey;6b07672d0c71136de528fb719c6768784ebe5879;da39a3ee5e6b4b0d3255bfef95601890afd80709;ok;empty;negative;-;11.6827 (0.0458145);13.1224 (0.0514603);11.0183 (0.0432091);26.6601 (0.104549);76.9881 (0.301914);100.037 (0.392303);5.24311 (0.0205612);1.00679 (0.00394821);0.896873 (0.00351715);0.976639 (0.00382996);0.771389 (0.00302505);0.730534 (0.00286484);0.328789 (0.00128937);1.00388 (0.00393677);JPEG image data;83 kB;;image/jpeg;1.01;Baseline DCT/ Huffman coding;3;512x512;0.262;JPEG image data;JFIF standard 1.01;JFIF written by fengji    #&')*) -0-(0%()( (((((((((((((((((((((((((((((((((((((((((((((((((( $3br %&'()*456789:CDEFGHIJSTUVWXYZcdefghijstuvwxyz  #3R &'()*56789:CDEFGHIJSTUVWXYZcdefghijstuvwxyz ;82 KB (84742 bytes);26daa6b3bea15436d1e600983193686905230ef6;1.33599 (0.00523918);JPEG (Joint Photographic Experts Group JFIF format);0 (0);255 (1);108.285 (0.424649);41.6836 (0.163465);-0.743897;0.112688;0.920416
/data/coverData/_alaska2-70636.jpg;8400f6649ce9a12af354395e368a4d178e06b77f;/data/out-stego-attrib/_alaska2-70636/f5/shortEbd-longKey.jpg;2d809b7826afb1ac1ff25effb7796322e03bac8d;f5;shortEbd;longKey;7648cf24a314672c5e708249f170706324d060e7;7648cf24a314672c5e708249f170706324d060e7;ok;ok;negative;-;13.8072 (0.0541458);16.3295 (0.0640373);13.2624 (0.0520096);41.9108 (0.164356);95.7787 (0.375603);111.486 (0.437199);10.3228 (0.0404816);1.22372 (0.00479889);1.08753 (0.00426483);1.24414 (0.004879);0.895901 (0.00351334);0.888119 (0.00348282);0.609913 (0.00239182);1.3813 (0.00541687);JPEG image data;96 kB;;image/jpeg;1.01;Baseline DCT/ Huffman coding;3;512x512;0.262;JPEG image data;JFIF standard 1.01;JFIF written by fengji    #&')*) -0-(0%()( (((((((((((((((((((((((((((((((((((((((((((((((((( $3br %&'()*456789:CDEFGHIJSTUVWXYZcdefghijstuvwxyz  #3R &'()*56789:CDEFGHIJSTUVWXYZcdefghijstuvwxyz ;95 KB (98001 bytes);2d809b7826afb1ac1ff25effb7796322e03bac8d;1.67823 (0.0065813);JPEG (Joint Photographic Experts Group JFIF format);0 (0);255 (1);108.286 (0.42465);43.6903 (0.171334);-0.754586;0.135998;0.928003
/data/coverData/_alaska2-70636.jpg;8400f6649ce9a12af354395e368a4d178e06b77f;/data/out-stego-attrib/_alaska2-70636/f5/middleEbd-longKey.jpg;dc703c1753dab994bcda7add065e9a14a29e2d5c;f5;middleEbd;longKey;787820e2c9c728e307b925648eacd22d85acdc36;787820e2c9c728e307b925648eacd22d85acdc36;ok;ok;negative;-;13.743 (0.053894);15.7128 (0.0616188);12.8733 (0.0504837);41.0363 (0.160927);94.5628 (0.370834);110.589 (0.433681);9.97553 (0.0391197);1.1352 (0.00445175);1.02722 (0.00402832);1.18383 (0.00464249);0.866718 (0.0033989);0.83559 (0.00327682);0.54863 (0.00215149);1.29181 (0.00506592);JPEG image data;95 kB;;image/jpeg;1.01;Baseline DCT/ Huffman coding;3;512x512;0.262;JPEG image data;JFIF standard 1.01;JFIF written by fengji    #&')*) -0-(0%()( (((((((((((((((((((((((((((((((((((((((((((((((((( $3br %&'()*456789:CDEFGHIJSTUVWXYZcdefghijstuvwxyz  #3R &'()*56789:CDEFGHIJSTUVWXYZcdefghijstuvwxyz ;94 KB (97206 bytes);dc703c1753dab994bcda7add065e9a14a29e2d5c;1.55521 (0.00609886);JPEG (Joint Photographic Experts Group JFIF format);0 (0);255 (1);108.285 (0.424648);43.5634 (0.170837);-0.753852;0.135952;0.926644
/data/coverData/_alaska2-70636.jpg;8400f6649ce9a12af354395e368a4d178e06b77f;/data/out-stego-attrib/_alaska2-70636/f5/longEbd-longKey.jpg;b07324fd6a2fb133975608133b70d0e73c4c63e4;f5;longEbd;longKey;ce3a186609bceb6c79a9184dcdcc3e7851fdebde;da39a3ee5e6b4b0d3255bfef95601890afd80709;ok;empty;skipped (false positive likely);-;11.8393 (0.0464287);13.0377 (0.0511284);10.9084 (0.042778);26.6095 (0.104351);77.17 (0.302628);99.9304 (0.391884);5.31509 (0.0208435);0.954266 (0.00374222);0.74707 (0.00292969);0.950375 (0.00372696);0.811272 (0.00318146);0.700378 (0.00274658);0.290852 (0.00114059);0.967884 (0.00379562);JPEG image data;83 kB;;image/jpeg;1.01;Baseline DCT/ Huffman coding;3;512x512;0.262;JPEG image data;JFIF standard 1.01;JFIF written by fengji    #&')*) -0-(0%()( (((((((((((((((((((((((((((((((((((((((((((((((((( $3br %&'()*456789:CDEFGHIJSTUVWXYZcdefghijstuvwxyz  #3R &'()*56789:CDEFGHIJSTUVWXYZcdefghijstuvwxyz ;82 KB (84771 bytes);b07324fd6a2fb133975608133b70d0e73c4c63e4;1.29113 (0.00506326);JPEG (Joint Photographic Experts Group JFIF format);0 (0);255 (1);108.288 (0.424661);41.6895 (0.163488);-0.745715;0.113756;0.920563
/data/coverData/_alaska2-70636.jpg;8400f6649ce9a12af354395e368a4d178e06b77f;/data/out-stego-attrib/_alaska2-70636/f5/lowEntropyEbd-longKey.jpg;3497ce728f046cc65e769c424a831572ae9b7f5d;f5;lowEntropyEbd;longKey;6b07672d0c71136de528fb719c6768784ebe5879;da39a3ee5e6b4b0d3255bfef95601890afd80709;ok;empty;skipped (false positive likely);-;11.742 (0.0460472);12.9307 (0.0507088);11.0212 (0.0432205);26.8294 (0.105213);77.1535 (0.302563);100.038 (0.392307);5.70906 (0.0223885);0.960102 (0.00376511);0.76458 (0.00299835);1.04181 (0.00408554);0.767498 (0.0030098);0.731506 (0.00286865);0.291824 (0.00114441);1.00096 (0.00392532);JPEG image data;83 kB;;image/jpeg;1.01;Baseline DCT/ Huffman coding;3;512x512;0.262;JPEG image data;JFIF standard 1.01;JFIF written by fengji    #&')*) -0-(0%()( (((((((((((((((((((((((((((((((((((((((((((((((((( $3br %&'()*456789:CDEFGHIJSTUVWXYZcdefghijstuvwxyz  #3R &'()*56789:CDEFGHIJSTUVWXYZcdefghijstuvwxyz ;82 KB (84719 bytes);3497ce728f046cc65e769c424a831572ae9b7f5d;1.28116 (0.00502415);JPEG (Joint Photographic Experts Group JFIF format);0 (0);255 (1);108.285 (0.424646);41.6875 (0.163481);-0.744475;0.113699;0.919703
